{
  "project_info": {
    "project_number": "681013236966",
    "project_id": "to-do-list-5e44b",
    "storage_bucket": "to-do-list-5e44b.appspot.com"
  },
  "client": [
    {
      "client_info": {
        "mobilesdk_app_id": "1:681013236966:android:e2c73706f2e0e72e155727",
        "android_client_info": {
          "package_name": "com.example.base_todolist"
        }
      },
      "oauth_client": [],
      "api_key": [
        {
          "current_key": "AIzaSyD0jERGvuitUAyad7mfyYTKnVvl006Uf_c"
        }
      ],
      "services": {
        "appinvite_service": {
          "other_platform_oauth_client": []
        }
      }
    }
  ],
  "configuration_version": "1"
}